Month,Day,Hour,Trips
4,Friday,0,1367
4,Friday,1,760
4,Friday,2,513
4,Friday,3,736
4,Friday,4,932
4,Friday,5,1382
4,Friday,6,2836
4,Friday,7,3943
4,Friday,8,3648
4,Friday,9,2732
4,Friday,10,2599
4,Friday,11,2816
4,Friday,12,2978
4,Friday,13,3535
4,Friday,14,4087
4,Friday,15,5354
4,Friday,16,6259
4,Friday,17,6790
4,Friday,18,7258
4,Friday,19,6247
4,Friday,20,5165
4,Friday,21,6265
4,Friday,22,6708
4,Friday,23,5393
4,Monday,0,518
4,Monday,1,261
4,Monday,2,238
4,Monday,3,571
4,Monday,4,1021
4,Monday,5,1619
4,Monday,6,2974
4,Monday,7,3888
4,Monday,8,3138
4,Monday,9,2211
4,Monday,10,1953
4,Monday,11,1929
4,Monday,12,1945
4,Monday,13,2294
4,Monday,14,3117
4,Monday,15,3818
4,Monday,16,4962
4,Monday,17,5574
4,Monday,18,4725
4,Monday,19,4386
4,Monday,20,3573
4,Monday,21,3079
4,Monday,22,1976
4,Monday,23,1091
4,Saturday,0,3027
4,Saturday,1,2479
4,Saturday,2,1577
4,Saturday,3,1013
4,Saturday,4,706
4,Saturday,5,704
4,Saturday,6,844
4,Saturday,7,1110
4,Saturday,8,1372
4,Saturday,9,1764
4,Saturday,10,2086
4,Saturday,11,2315
4,Saturday,12,2560
4,Saturday,13,2685
4,Saturday,14,3042
4,Saturday,15,4457
4,Saturday,16,5410
4,Saturday,17,5558
4,Saturday,18,6165
4,Saturday,19,5529
4,Saturday,20,4792
4,Saturday,21,5811
4,Saturday,22,6493
4,Saturday,23,5719
4,Sunday,0,4542
4,Sunday,1,2936
4,Sunday,2,1590
4,Sunday,3,1052
4,Sunday,4,685
4,Sunday,5,593
4,Sunday,6,669
4,Sunday,7,873
4,Sunday,8,1233
4,Sunday,9,1770
4,Sunday,10,2113
4,Sunday,11,2360
4,Sunday,12,2478
4,Sunday,13,2763
4,Sunday,14,2934
4,Sunday,15,3400
4,Sunday,16,3489
4,Sunday,17,3154
4,Sunday,18,2795
4,Sunday,19,2579
4,Sunday,20,2276
4,Sunday,21,2310
4,Sunday,22,1639
4,Sunday,23,1018
4,Thursday,0,792
4,Thursday,1,459
4,Thursday,2,342
4,Thursday,3,567
4,Thursday,4,861
4,Thursday,5,1454
4,Thursday,6,3179
4,Thursday,7,4159
4,Thursday,8,3616
4,Thursday,9,2654
4,Thursday,10,2370
4,Thursday,11,2516
4,Thursday,12,2657
4,Thursday,13,3301
4,Thursday,14,4083
4,Thursday,15,5182
4,Thursday,16,6149
4,Thursday,17,6951
4,Thursday,18,6637
4,Thursday,19,5929
4,Thursday,20,6345
4,Thursday,21,6585
4,Thursday,22,5370
4,Thursday,23,2909
4,Tuesday,0,765
4,Tuesday,1,367
4,Tuesday,2,304
4,Tuesday,3,516
4,Tuesday,4,887
4,Tuesday,5,1734
4,Tuesday,6,3766
4,Tuesday,7,5304
4,Tuesday,8,4594
4,Tuesday,9,2962
4,Tuesday,10,2900
4,Tuesday,11,2949
4,Tuesday,12,2819
4,Tuesday,13,3556
4,Tuesday,14,4489
4,Tuesday,15,6042
4,Tuesday,16,7521
4,Tuesday,17,8297
4,Tuesday,18,7089
4,Tuesday,19,6459
4,Tuesday,20,6310
4,Tuesday,21,5993
4,Tuesday,22,3614
4,Tuesday,23,1948
4,Wednesday,0,899
4,Wednesday,1,507
4,Wednesday,2,371
4,Wednesday,3,585
4,Wednesday,4,1003
4,Wednesday,5,1990
4,Wednesday,6,4230
4,Wednesday,7,5647
4,Wednesday,8,5242
4,Wednesday,9,3846
4,Wednesday,10,3844
4,Wednesday,11,3889
4,Wednesday,12,3988
4,Wednesday,13,4469
4,Wednesday,14,5438
4,Wednesday,15,7071
4,Wednesday,16,8213
4,Wednesday,17,9151
4,Wednesday,18,8334
4,Wednesday,19,7794
4,Wednesday,20,7783
4,Wednesday,21,6921
4,Wednesday,22,4845
4,Wednesday,23,2571
5,Friday,0,2004
5,Friday,1,1156
5,Friday,2,758
5,Friday,3,1005
5,Friday,4,1286
5,Friday,5,2025
5,Friday,6,4327
5,Friday,7,5665
5,Friday,8,5072
5,Friday,9,3806
5,Friday,10,3812
5,Friday,11,4250
5,Friday,12,4550
5,Friday,13,5201
5,Friday,14,6789
5,Friday,15,8384
5,Friday,16,9010
5,Friday,17,9543
5,Friday,18,11081
5,Friday,19,10395
5,Friday,20,8847
5,Friday,21,9392
5,Friday,22,8859
5,Friday,23,6774
5,Monday,0,767
5,Monday,1,466
5,Monday,2,304
5,Monday,3,627
5,Monday,4,977
5,Monday,5,1514
5,Monday,6,2688
5,Monday,7,3287
5,Monday,8,3012
5,Monday,9,2294
5,Monday,10,2205
5,Monday,11,2297
5,Monday,12,2473
5,Monday,13,2928
5,Monday,14,3821
5,Monday,15,4514
5,Monday,16,5055
5,Monday,17,5466
5,Monday,18,4237
5,Monday,19,3654
5,Monday,20,3715
5,Monday,21,3681
5,Monday,22,2435
5,Monday,23,1429
5,Saturday,0,3878
5,Saturday,1,2249
5,Saturday,2,1524
5,Saturday,3,1205
5,Saturday,4,958
5,Saturday,5,1027
5,Saturday,6,1203
5,Saturday,7,1588
5,Saturday,8,2144
5,Saturday,9,2579
5,Saturday,10,2862
5,Saturday,11,3248
5,Saturday,12,3567
5,Saturday,13,4088
5,Saturday,14,4950
5,Saturday,15,7104
5,Saturday,16,8472
5,Saturday,17,7518
5,Saturday,18,8145
5,Saturday,19,6419
5,Saturday,20,5918
5,Saturday,21,7027
5,Saturday,22,7901
5,Saturday,23,7416
5,Sunday,0,4247
5,Sunday,1,2576
5,Sunday,2,1565
5,Sunday,3,1144
5,Sunday,4,723
5,Sunday,5,620
5,Sunday,6,683
5,Sunday,7,911
5,Sunday,8,1252
5,Sunday,9,1759
5,Sunday,10,2074
5,Sunday,11,2509
5,Sunday,12,2754
5,Sunday,13,3005
5,Sunday,14,3238
5,Sunday,15,3775
5,Sunday,16,4088
5,Sunday,17,3774
5,Sunday,18,3282
5,Sunday,19,2881
5,Sunday,20,2782
5,Sunday,21,2809
5,Sunday,22,2230
5,Sunday,23,1487
5,Thursday,0,1426
5,Thursday,1,831
5,Thursday,2,584
5,Thursday,3,849
5,Thursday,4,1291
5,Thursday,5,2425
5,Thursday,6,5080
5,Thursday,7,6697
5,Thursday,8,6318
5,Thursday,9,4550
5,Thursday,10,4367
5,Thursday,11,4236
5,Thursday,12,4375
5,Thursday,13,5219
5,Thursday,14,6357
5,Thursday,15,7852
5,Thursday,16,9046
5,Thursday,17,10686
5,Thursday,18,9738
5,Thursday,19,8424
5,Thursday,20,8474
5,Thursday,21,9023
5,Thursday,22,7143
5,Thursday,23,3930
5,Tuesday,0,715
5,Tuesday,1,431
5,Tuesday,2,303
5,Tuesday,3,543
5,Tuesday,4,864
5,Tuesday,5,1631
5,Tuesday,6,3416
5,Tuesday,7,4401
5,Tuesday,8,3616
5,Tuesday,9,2647
5,Tuesday,10,2581
5,Tuesday,11,2554
5,Tuesday,12,2733
5,Tuesday,13,3459
5,Tuesday,14,4192
5,Tuesday,15,5247
5,Tuesday,16,6169
5,Tuesday,17,6713
5,Tuesday,18,5344
5,Tuesday,19,4712
5,Tuesday,20,4980
5,Tuesday,21,4503
5,Tuesday,22,3149
5,Tuesday,23,1759
5,Wednesday,0,838
5,Wednesday,1,477
5,Wednesday,2,334
5,Wednesday,3,573
5,Wednesday,4,846
5,Wednesday,5,1547
5,Wednesday,6,3618
5,Wednesday,7,4864
5,Wednesday,8,4046
5,Wednesday,9,2872
5,Wednesday,10,2900
5,Wednesday,11,2961
5,Wednesday,12,3143
5,Wednesday,13,3799
5,Wednesday,14,5016
5,Wednesday,15,6211
5,Wednesday,16,7287
5,Wednesday,17,7808
5,Wednesday,18,7138
5,Wednesday,19,5902
5,Wednesday,20,6015
5,Wednesday,21,5782
5,Wednesday,22,3839
5,Wednesday,23,2041
6,Friday,0,1836
6,Friday,1,1112
6,Friday,2,687
6,Friday,3,952
6,Friday,4,1248
6,Friday,5,1838
6,Friday,6,3465
6,Friday,7,5122
6,Friday,8,5169
6,Friday,9,3934
6,Friday,10,3483
6,Friday,11,3794
6,Friday,12,3818
6,Friday,13,4381
6,Friday,14,5245
6,Friday,15,6405
6,Friday,16,7267
6,Friday,17,8141
6,Friday,18,7942
6,Friday,19,6014
6,Friday,20,5165
6,Friday,21,5990
6,Friday,22,6454
6,Friday,23,5594
6,Monday,0,912
6,Monday,1,512
6,Monday,2,420
6,Monday,3,1049
6,Monday,4,1712
6,Monday,5,2747
6,Monday,6,4674
6,Monday,7,6338
6,Monday,8,5971
6,Monday,9,4264
6,Monday,10,3683
6,Monday,11,3562
6,Monday,12,3579
6,Monday,13,4005
6,Monday,14,4930
6,Monday,15,5758
6,Monday,16,6983
6,Monday,17,7306
6,Monday,18,5741
6,Monday,19,5243
6,Monday,20,5354
6,Monday,21,4771
6,Monday,22,3230
6,Monday,23,1911
6,Saturday,0,3550
6,Saturday,1,2362
6,Saturday,2,1475
6,Saturday,3,1298
6,Saturday,4,844
6,Saturday,5,911
6,Saturday,6,1137
6,Saturday,7,1391
6,Saturday,8,1902
6,Saturday,9,2443
6,Saturday,10,2906
6,Saturday,11,3047
6,Saturday,12,3228
6,Saturday,13,3466
6,Saturday,14,3927
6,Saturday,15,4794
6,Saturday,16,5770
6,Saturday,17,4973
6,Saturday,18,5136
6,Saturday,19,4293
6,Saturday,20,4575
6,Saturday,21,5534
6,Saturday,22,6541
6,Saturday,23,5861
6,Sunday,0,5135
6,Sunday,1,3493
6,Sunday,2,2443
6,Sunday,3,1736
6,Sunday,4,960
6,Sunday,5,954
6,Sunday,6,1055
6,Sunday,7,1299
6,Sunday,8,1901
6,Sunday,9,2658
6,Sunday,10,3229
6,Sunday,11,3565
6,Sunday,12,4009
6,Sunday,13,4345
6,Sunday,14,4713
6,Sunday,15,5335
6,Sunday,16,5628
6,Sunday,17,5037
6,Sunday,18,4303
6,Sunday,19,4163
6,Sunday,20,4086
6,Sunday,21,4285
6,Sunday,22,3452
6,Sunday,23,1872
6,Thursday,0,1363
6,Thursday,1,751
6,Thursday,2,479
6,Thursday,3,751
6,Thursday,4,1116
6,Thursday,5,2108
6,Thursday,6,4355
6,Thursday,7,5993
6,Thursday,8,5697
6,Thursday,9,4357
6,Thursday,10,3980
6,Thursday,11,3662
6,Thursday,12,3872
6,Thursday,13,4781
6,Thursday,14,5588
6,Thursday,15,6931
6,Thursday,16,7660
6,Thursday,17,8688
6,Thursday,18,7946
6,Thursday,19,7236
6,Thursday,20,8369
6,Thursday,21,8218
6,Thursday,22,7155
6,Thursday,23,4269
6,Tuesday,0,722
6,Tuesday,1,415
6,Tuesday,2,291
6,Tuesday,3,507
6,Tuesday,4,884
6,Tuesday,5,1680
6,Tuesday,6,3511
6,Tuesday,7,5064
6,Tuesday,8,4338
6,Tuesday,9,3075
6,Tuesday,10,2895
6,Tuesday,11,3073
6,Tuesday,12,3165
6,Tuesday,13,3766
6,Tuesday,14,4739
6,Tuesday,15,5802
6,Tuesday,16,7224
6,Tuesday,17,8112
6,Tuesday,18,6578
6,Tuesday,19,5271
6,Tuesday,20,5920
6,Tuesday,21,5468
6,Tuesday,22,3654
6,Tuesday,23,1980
6,Wednesday,0,996
6,Wednesday,1,522
6,Wednesday,2,394
6,Wednesday,3,644
6,Wednesday,4,937
6,Wednesday,5,1717
6,Wednesday,6,3833
6,Wednesday,7,5627
6,Wednesday,8,4793
6,Wednesday,9,3567
6,Wednesday,10,3408
6,Wednesday,11,3452
6,Wednesday,12,3562
6,Wednesday,13,4193
6,Wednesday,14,5286
6,Wednesday,15,6561
6,Wednesday,16,7630
6,Wednesday,17,8195
6,Wednesday,18,7367
6,Wednesday,19,5983
6,Wednesday,20,6639
6,Wednesday,21,6525
6,Wednesday,22,5128
6,Wednesday,23,2695
7,Friday,0,2460
7,Friday,1,1541
7,Friday,2,1059
7,Friday,3,1230
7,Friday,4,1359
7,Friday,5,1989
7,Friday,6,2947
7,Friday,7,4032
7,Friday,8,4152
7,Friday,9,3631
7,Friday,10,3503
7,Friday,11,3674
7,Friday,12,3792
7,Friday,13,4619
7,Friday,14,5457
7,Friday,15,6031
7,Friday,16,6440
7,Friday,17,6657
7,Friday,18,6682
7,Friday,19,5947
7,Friday,20,5699
7,Friday,21,6654
7,Friday,22,7103
7,Friday,23,6077
7,Monday,0,1260
7,Monday,1,613
7,Monday,2,439
7,Monday,3,1019
7,Monday,4,1615
7,Monday,5,2461
7,Monday,6,3644
7,Monday,7,5066
7,Monday,8,4797
7,Monday,9,3692
7,Monday,10,3423
7,Monday,11,3492
7,Monday,12,3512
7,Monday,13,3918
7,Monday,14,4604
7,Monday,15,5057
7,Monday,16,6283
7,Monday,17,7328
7,Monday,18,6551
7,Monday,19,6378
7,Monday,20,6303
7,Monday,21,5640
7,Monday,22,3828
7,Monday,23,2266
7,Saturday,0,4441
7,Saturday,1,3153
7,Saturday,2,2320
7,Saturday,3,1704
7,Saturday,4,1087
7,Saturday,5,1097
7,Saturday,6,1214
7,Saturday,7,1594
7,Saturday,8,2101
7,Saturday,9,2668
7,Saturday,10,3293
7,Saturday,11,3545
7,Saturday,12,3697
7,Saturday,13,3826
7,Saturday,14,4491
7,Saturday,15,5079
7,Saturday,16,5482
7,Saturday,17,5483
7,Saturday,18,5838
7,Saturday,19,4913
7,Saturday,20,5396
7,Saturday,21,5901
7,Saturday,22,6337
7,Saturday,23,5600
7,Sunday,0,4360
7,Sunday,1,3318
7,Sunday,2,2553
7,Sunday,3,1908
7,Sunday,4,982
7,Sunday,5,925
7,Sunday,6,1027
7,Sunday,7,1265
7,Sunday,8,1867
7,Sunday,9,2630
7,Sunday,10,3205
7,Sunday,11,3835
7,Sunday,12,3810
7,Sunday,13,4501
7,Sunday,14,4582
7,Sunday,15,4562
7,Sunday,16,4867
7,Sunday,17,4926
7,Sunday,18,4263
7,Sunday,19,3700
7,Sunday,20,4012
7,Sunday,21,3740
7,Sunday,22,3291
7,Sunday,23,2198
7,Thursday,0,2150
7,Thursday,1,1157
7,Thursday,2,855
7,Thursday,3,1283
7,Thursday,4,1884
7,Thursday,5,2931
7,Thursday,6,4796
7,Thursday,7,6709
7,Thursday,8,6683
7,Thursday,9,5385
7,Thursday,10,5071
7,Thursday,11,5370
7,Thursday,12,5510
7,Thursday,13,6275
7,Thursday,14,7443
7,Thursday,15,8654
7,Thursday,16,9691
7,Thursday,17,10485
7,Thursday,18,11203
7,Thursday,19,10848
7,Thursday,20,10177
7,Thursday,21,9545
7,Thursday,22,8578
7,Thursday,23,5756
7,Tuesday,0,1509
7,Tuesday,1,779
7,Tuesday,2,556
7,Tuesday,3,935
7,Tuesday,4,1483
7,Tuesday,5,2730
7,Tuesday,6,4811
7,Tuesday,7,6750
7,Tuesday,8,6662
7,Tuesday,9,5061
7,Tuesday,10,4887
7,Tuesday,11,4939
7,Tuesday,12,5154
7,Tuesday,13,6583
7,Tuesday,14,7551
7,Tuesday,15,7951
7,Tuesday,16,9219
7,Tuesday,17,11712
7,Tuesday,18,10992
7,Tuesday,19,9983
7,Tuesday,20,9781
7,Tuesday,21,8297
7,Tuesday,22,5806
7,Tuesday,23,3323
7,Wednesday,0,1773
7,Wednesday,1,966
7,Wednesday,2,780
7,Wednesday,3,1120
7,Wednesday,4,1630
7,Wednesday,5,2799
7,Wednesday,6,5017
7,Wednesday,7,7129
7,Wednesday,8,7125
7,Wednesday,9,5419
7,Wednesday,10,5176
7,Wednesday,11,5265
7,Wednesday,12,5425
7,Wednesday,13,6110
7,Wednesday,14,7229
7,Wednesday,15,8719
7,Wednesday,16,10421
7,Wednesday,17,11669
7,Wednesday,18,11739
7,Wednesday,19,10563
7,Wednesday,20,10491
7,Wednesday,21,9751
7,Wednesday,22,7275
7,Wednesday,23,4126
8,Friday,0,3536
8,Friday,1,2064
8,Friday,2,1331
8,Friday,3,1660
8,Friday,4,2162
8,Friday,5,3101
8,Friday,6,4651
8,Friday,7,6601
8,Friday,8,6753
8,Friday,9,5512
8,Friday,10,5424
8,Friday,11,5424
8,Friday,12,5381
8,Friday,13,6367
8,Friday,14,7197
8,Friday,15,8803
8,Friday,16,9401
8,Friday,17,9655
8,Friday,18,9484
8,Friday,19,9227
8,Friday,20,8321
8,Friday,21,9075
8,Friday,22,9488
8,Friday,23,8056
8,Monday,0,1094
8,Monday,1,684
8,Monday,2,560
8,Monday,3,1186
8,Monday,4,1836
8,Monday,5,2786
8,Monday,6,4098
8,Monday,7,5357
8,Monday,8,5060
8,Monday,9,3844
8,Monday,10,3666
8,Monday,11,3592
8,Monday,12,3564
8,Monday,13,3995
8,Monday,14,4572
8,Monday,15,5251
8,Monday,16,5974
8,Monday,17,6508
8,Monday,18,6135
8,Monday,19,5773
8,Monday,20,5586
8,Monday,21,4775
8,Monday,22,3559
8,Monday,23,2178
8,Saturday,0,5828
8,Saturday,1,4209
8,Saturday,2,2857
8,Saturday,3,2293
8,Saturday,4,1793
8,Saturday,5,1801
8,Saturday,6,2089
8,Saturday,7,2541
8,Saturday,8,3228
8,Saturday,9,3863
8,Saturday,10,4317
8,Saturday,11,4762
8,Saturday,12,5132
8,Saturday,13,5522
8,Saturday,14,6276
8,Saturday,15,7478
8,Saturday,16,7884
8,Saturday,17,8291
8,Saturday,18,8846
8,Saturday,19,8521
8,Saturday,20,8192
8,Saturday,21,8830
8,Saturday,22,9506
8,Saturday,23,8166
8,Sunday,0,6429
8,Sunday,1,4759
8,Sunday,2,3439
8,Sunday,3,2399
8,Sunday,4,1530
8,Sunday,5,1459
8,Sunday,6,1479
8,Sunday,7,2100
8,Sunday,8,2766
8,Sunday,9,3669
8,Sunday,10,4530
8,Sunday,11,5079
8,Sunday,12,5223
8,Sunday,13,5573
8,Sunday,14,5977
8,Sunday,15,6873
8,Sunday,16,7296
8,Sunday,17,7259
8,Sunday,18,6459
8,Sunday,19,6195
8,Sunday,20,5990
8,Sunday,21,5659
8,Sunday,22,4839
8,Sunday,23,3265
8,Thursday,0,1800
8,Thursday,1,1055
8,Thursday,2,745
8,Thursday,3,1099
8,Thursday,4,1633
8,Thursday,5,2497
8,Thursday,6,4069
8,Thursday,7,5690
8,Thursday,8,5454
8,Thursday,9,4536
8,Thursday,10,4434
8,Thursday,11,4459
8,Thursday,12,4410
8,Thursday,13,4896
8,Thursday,14,5809
8,Thursday,15,6936
8,Thursday,16,7818
8,Thursday,17,8592
8,Thursday,18,8563
8,Thursday,19,8512
8,Thursday,20,8549
8,Thursday,21,8762
8,Thursday,22,8063
8,Thursday,23,5736
8,Tuesday,0,1115
8,Tuesday,1,733
8,Tuesday,2,508
8,Tuesday,3,772
8,Tuesday,4,1337
8,Tuesday,5,2270
8,Tuesday,6,3975
8,Tuesday,7,5614
8,Tuesday,8,5350
8,Tuesday,9,4196
8,Tuesday,10,3896
8,Tuesday,11,4093
8,Tuesday,12,3992
8,Tuesday,13,4632
8,Tuesday,14,5501
8,Tuesday,15,6361
8,Tuesday,16,7426
8,Tuesday,17,8297
8,Tuesday,18,7999
8,Tuesday,19,7273
8,Tuesday,20,7300
8,Tuesday,21,6630
8,Tuesday,22,4951
8,Tuesday,23,2903
8,Wednesday,0,1649
8,Wednesday,1,967
8,Wednesday,2,665
8,Wednesday,3,967
8,Wednesday,4,1483
8,Wednesday,5,2611
8,Wednesday,6,4546
8,Wednesday,7,6161
8,Wednesday,8,5955
8,Wednesday,9,4575
8,Wednesday,10,4439
8,Wednesday,11,4369
8,Wednesday,12,4404
8,Wednesday,13,4779
8,Wednesday,14,5312
8,Wednesday,15,6495
8,Wednesday,16,7682
8,Wednesday,17,8520
8,Wednesday,18,7904
8,Wednesday,19,7507
8,Wednesday,20,7736
8,Wednesday,21,7623
8,Wednesday,22,5602
8,Wednesday,23,3305
9,Friday,0,2513
9,Friday,1,1530
9,Friday,2,1002
9,Friday,3,1347
9,Friday,4,1819
9,Friday,5,3115
9,Friday,6,5186
9,Friday,7,6698
9,Friday,8,6715
9,Friday,9,5615
9,Friday,10,5355
9,Friday,11,5230
9,Friday,12,5388
9,Friday,13,6238
9,Friday,14,7431
9,Friday,15,8696
9,Friday,16,9792
9,Friday,17,11175
9,Friday,18,12315
9,Friday,19,11765
9,Friday,20,10345
9,Friday,21,10947
9,Friday,22,10797
9,Friday,23,9366
9,Monday,0,1885
9,Monday,1,1201
9,Monday,2,977
9,Monday,3,1780
9,Monday,4,2479
9,Monday,5,3905
9,Monday,6,5668
9,Monday,7,7223
9,Monday,8,7287
9,Monday,9,5892
9,Monday,10,5358
9,Monday,11,5461
9,Monday,12,5415
9,Monday,13,6245
9,Monday,14,7113
9,Monday,15,8346
9,Monday,16,9513
9,Monday,17,9841
9,Monday,18,9611
9,Monday,19,8725
9,Monday,20,8318
9,Monday,21,6979
9,Monday,22,5130
9,Monday,23,2936
9,Saturday,0,6909
9,Saturday,1,4737
9,Saturday,2,2957
9,Saturday,3,2029
9,Saturday,4,1458
9,Saturday,5,1544
9,Saturday,6,2092
9,Saturday,7,2790
9,Saturday,8,3664
9,Saturday,9,4352
9,Saturday,10,5132
9,Saturday,11,5801
9,Saturday,12,6114
9,Saturday,13,7049
9,Saturday,14,8732
9,Saturday,15,9857
9,Saturday,16,10494
9,Saturday,17,11021
9,Saturday,18,11753
9,Saturday,19,11423
9,Saturday,20,9841
9,Saturday,21,10723
9,Saturday,22,11173
9,Saturday,23,10412
9,Sunday,0,8164
9,Sunday,1,5933
9,Sunday,2,3846
9,Sunday,3,2358
9,Sunday,4,1494
9,Sunday,5,1618
9,Sunday,6,1683
9,Sunday,7,2280
9,Sunday,8,3109
9,Sunday,9,3915
9,Sunday,10,4688
9,Sunday,11,5508
9,Sunday,12,5637
9,Sunday,13,6230
9,Sunday,14,6707
9,Sunday,15,7167
9,Sunday,16,7670
9,Sunday,17,7371
9,Sunday,18,7189
9,Sunday,19,6430
9,Sunday,20,5930
9,Sunday,21,5164
9,Sunday,22,4115
9,Sunday,23,2326
9,Thursday,0,1762
9,Thursday,1,1037
9,Thursday,2,714
9,Thursday,3,1088
9,Thursday,4,1720
9,Thursday,5,2754
9,Thursday,6,5586
9,Thursday,7,7790
9,Thursday,8,7663
9,Thursday,9,6330
9,Thursday,10,5655
9,Thursday,11,5723
9,Thursday,12,5641
9,Thursday,13,6368
9,Thursday,14,7419
9,Thursday,15,8887
9,Thursday,16,10196
9,Thursday,17,11302
9,Thursday,18,11738
9,Thursday,19,10958
9,Thursday,20,10076
9,Thursday,21,9820
9,Thursday,22,7885
9,Thursday,23,5164
9,Tuesday,0,1411
9,Tuesday,1,784
9,Tuesday,2,609
9,Tuesday,3,1221
9,Tuesday,4,2093
9,Tuesday,5,4196
9,Tuesday,6,7393
9,Tuesday,7,9466
9,Tuesday,8,9374
9,Tuesday,9,7082
9,Tuesday,10,6517
9,Tuesday,11,6071
9,Tuesday,12,5987
9,Tuesday,13,7079
9,Tuesday,14,8374
9,Tuesday,15,9935
9,Tuesday,16,11108
9,Tuesday,17,12369
9,Tuesday,18,12184
9,Tuesday,19,11091
9,Tuesday,20,10370
9,Tuesday,21,9022
9,Tuesday,22,6538
9,Tuesday,23,2956
9,Wednesday,0,1489
9,Wednesday,1,885
9,Wednesday,2,597
9,Wednesday,3,966
9,Wednesday,4,1612
9,Wednesday,5,3130
9,Wednesday,6,5699
9,Wednesday,7,7067
9,Wednesday,8,6665
9,Wednesday,9,5356
9,Wednesday,10,4929
9,Wednesday,11,5027
9,Wednesday,12,5011
9,Wednesday,13,5833
9,Wednesday,14,6867
9,Wednesday,15,8331
9,Wednesday,16,9451
9,Wednesday,17,10294
9,Wednesday,18,10250
9,Wednesday,19,9268
9,Wednesday,20,9108
9,Wednesday,21,7951
9,Wednesday,22,6179
9,Wednesday,23,3408
